gene,enzyme_wild,enzyme_over,reaction_bio,reaction_pro,ref_e_con(g/gDW),over_e_con(g/gDW),Fold_change,enzyme_usage_over,manipulations_x,e1(mmol/gDW),kcat(1/h),mw(g/mg),reaction,flux_wild,flux_over,equation,manipulations_y,type
Cgl0937,"['1.229e-02', '1.249e-02']","['1.431e-02', '1.437e-02']",GAPD_num1 (7.319741903427962): g3p_c + nad_c + pi_c --> 13dpg_c + h_c + nadh_c,GAPD_num1 (8.481841177777202): g3p_c + nad_c + pi_c --> 13dpg_c + h_c + nadh_c,0.01237,0.01433,1.159,42.61,Up,0.0003653,"[('GAPD_num1', 23220.0)]",39.23,GAPD_num1,"['0.000e+00', '1.000e+03']","['0.000e+00', '1.000e+03']",g3p_c + nad_c + pi_c --> 13dpg_c + h_c + nadh_c,,Overlaped Reaction Range
Cgl2192 and Cgl2194 and Cgl2195 and Cgl2523,"['1.930e-02', '1.950e-02']","['5.006e-03', '5.164e-03']",CYTBO3_4pp (16.711477978523934): 4.0 h_c + 0.5 o2_c + q8h2_c --> h2o_c + 4.0 h_e + q8_c,CYTBO3_4pp (4.4001482485443315): 4.0 h_c + 0.5 o2_c + q8h2_c --> h2o_c + 4.0 h_e + q8_c,0.01937,0.005106,0.2637,15.18,down,3.578e-05,"[('CYTBO3_4pp', 123153.39015652175)]",142.7,,,,,,Overlaped Reaction Range
Cgl0689,"['6.732e-04', '8.126e-04']","['2.521e-03', '2.599e-03']",PYRC (1.2126965609315867): atp_c + hco3_c + pyr_c --> adp_c + h_c + oaa_c + pi_c,PYRC (4.473677786803944): atp_c + hco3_c + pyr_c --> adp_c + h_c + oaa_c + pi_c,0.0006911,0.00255,3.689,7.581,Up,2.071e-05,"[('PYRC', 216000.0)]",123.1,PYRC,"['0.000e+00', '1.000e+03']","['0.000e+00', '1.000e+03']",atp_c + hco3_c + pyr_c --> adp_c + h_c + oaa_c + pi_c,,Overlaped Reaction Range
Cgl2844,"['9.081e-05', '2.423e-04']","['1.953e-03', '1.990e-03']","ALATA_L (0.4915275045006347): glu__L_c + pyr_c --> akg_c + ala__L_c, VPAMT (0.12210249831876095): 3mob_c + ala__L_c --> pyr_c + val__L_c",ALATA_L (7.959295775411121): glu__L_c + pyr_c --> akg_c + ala__L_c,0.0001208,0.001956,16.19,5.817,Up,4.185e-05,"[('ALATA_L', 190182.75)]",46.75,ALATA_L,"['3.742e-01', '1.000e+03']","['7.947e+00', '1.000e+03']",glu__L_c + pyr_c --> akg_c + ala__L_c,,Overlaped Reaction Range
Cgl2844,"['9.081e-05', '2.423e-04']","['1.953e-03', '1.990e-03']","ALATA_L (0.4915275045006347): glu__L_c + pyr_c --> akg_c + ala__L_c, VPAMT (0.12210249831876095): 3mob_c + ala__L_c --> pyr_c + val__L_c",ALATA_L (7.959295775411121): glu__L_c + pyr_c --> akg_c + ala__L_c,0.0001208,0.001956,16.19,5.817,Up,4.185e-05,"[('ALATA_L', 190182.75)]",46.75,VPAMT,"['0.000e+00', '3.727e-01']","['0.000e+00', '2.243e-01']",3mob_c + ala__L_c --> pyr_c + val__L_c,,Overlaped Reaction Range
Cgl0974,"['1.283e-03', '1.414e-03']","['1.588e-03', '1.623e-03']",ENO (6.857140796040166): 2pg_c --> h2o_c + pep_c,ENO (8.433146324368192): 2pg_c --> h2o_c + pep_c,0.001293,0.00159,1.23,4.726,Up,3.536e-05,"[('ENO', 238467.23027027023)]",44.95,ENO,"['3.380e+00', '1.000e+03']","['4.940e+00', '1.000e+03']",2pg_c --> h2o_c + pep_c,,Overlaped Reaction Range
Cgl1578,"['1.239e-03', '1.460e-03']","['9.504e-04', '1.005e-03']",PGL (2.8145583135234493): 6pgl_c + h2o_c --> 6pgc_c + h_c,PGL (2.042139617161114): 6pgl_c + h2o_c --> 6pgc_c + h_c,0.001338,0.000971,0.7256,2.887,down,3.967e-05,"[('PGL', 51480.0)]",24.48,PGL,"['0.000e+00', '8.571e+00']","['0.000e+00', '2.251e+00']",6pgl_c + h2o_c --> 6pgc_c + h_c,,Overlaped Reaction Range
Cgl1250,"['8.003e-04', '9.233e-04']","['9.611e-04', '9.962e-04']",PFK (3.3021831765309404): atp_c + f6p_c --> adp_c + fdp_c + h_c,PFK (3.9134374525279325): atp_c + f6p_c --> adp_c + fdp_c + h_c,0.0008122,0.0009625,1.185,2.862,Up,1.285e-05,"[('PFK', 304632.0)]",74.93,PFK_2,"['0.000e+00', '0.000e+00']","['0.000e+00', '0.000e+00']",atp_c + tag6p__D_c --> adp_c + h_c + tagdp__D_c,,Overlaped Reaction Range
Cgl1250,"['8.003e-04', '9.233e-04']","['9.611e-04', '9.962e-04']",PFK (3.3021831765309404): atp_c + f6p_c --> adp_c + fdp_c + h_c,PFK (3.9134374525279325): atp_c + f6p_c --> adp_c + fdp_c + h_c,0.0008122,0.0009625,1.185,2.862,Up,1.285e-05,"[('PFK', 304632.0)]",74.93,PFK,"['1.378e+00', '9.363e+00']","['3.874e+00', '1.084e+01']",atp_c + f6p_c --> adp_c + fdp_c + h_c,,Overlaped Reaction Range
Cgl1623,"['5.827e-03', '5.948e-03']","['6.133e-04', '6.470e-04']",CHORS (0.10431924197584688): 3psme_c --> chor_c + pi_c,,0.005827,0.0006133,0.1053,1.824,down,3.506e-06,,174.9,CHORS,"['1.057e-01', '2.432e-01']","['1.112e-02', '1.367e-01']",3psme_c --> chor_c + pi_c,,Overlaped Reaction Range
Cgl2380,"['1.644e-04', '3.058e-04']","['5.048e-04', '5.444e-04']",MDH (1.5525883162817666): mal__L_c + nad_c --> h_c + nadh_c + oaa_c,MDH_reverse (4.312855491808048): h_c + nadh_c + oaa_c --> mal__L_c + nad_c,0.0001838,0.0005107,2.778,1.519,Up,3.658e-06,"[('MDH_reverse', 1179163.6363636365)]",139.6,MDH,"['0.000e+00', '1.000e+03']","['0.000e+00', '9.961e+02']",mal__L_c + nad_c --> h_c + nadh_c + oaa_c,,Overlaped Reaction Range
Cgl2380,"['1.644e-04', '3.058e-04']","['5.048e-04', '5.444e-04']",MDH (1.5525883162817666): mal__L_c + nad_c --> h_c + nadh_c + oaa_c,MDH_reverse (4.312855491808048): h_c + nadh_c + oaa_c --> mal__L_c + nad_c,0.0001838,0.0005107,2.778,1.519,Up,3.658e-06,"[('MDH_reverse', 1179163.6363636365)]",139.6,MDH3,"['0.000e+00', '7.472e+00']","['0.000e+00', '4.741e+00']",mal__L_c + mqn8_c --> mql8_c + oaa_c,,Overlaped Reaction Range
Cgl2079,"['1.734e-04', '2.959e-04']","['4.949e-04', '5.292e-04']",GLUDy (2.895947909882538): akg_c + h_c + nadph_c + nh4_c --> glu__L_c + h2o_c + nadp_c,GLUDy (8.212392660185888): akg_c + h_c + nadph_c + nh4_c --> glu__L_c + h2o_c + nadp_c,0.0001747,0.0004955,2.836,1.473,Up,1.686e-06,"[('GLUDy', 4871280.0)]",293.9,GLUDy,"['0.000e+00', '1.736e+01']","['1.234e+00', '1.518e+01']",akg_c + h_c + nadph_c + nh4_c --> glu__L_c + h2o_c + nadp_c,,Overlaped Reaction Range
Cgl2491,"['4.132e-03', '4.290e-03']","['4.289e-04', '4.783e-04']","3OAS100_num1 (0.1883280814851268): h_c + malACP_c + ocACP_c --> 3odecACP_c + ACP_c + co2_c, 3OAS121_num1 (0.10304379727055003): cdec3eACP_c + h_c + malACP_c --> 3ocddec5eACP_c + ACP_c + co2_c, 3OAS141_num1 (0.10304379727055003): cddec5eACP_c + h_c + malACP_c --> 3ocmrs7eACP_c + ACP_c + co2_c, 3OAS161_num1 (0.1008039179043575): h_c + malACP_c + tdeACP_c --> 3ocpalm9eACP_c + ACP_c + co2_c, 3OAS60_num1 (0.1883280814851269): butACP_c + h_c + malACP_c --> 3ohexACP_c + ACP_c + co2_c, 3OAS80_num1 (0.1883280814851269): h_c + hexACP_c + malACP_c --> 3ooctACP_c + ACP_c + co2_c, KAS15_num1 (0.1883280814851269): accoa_c + h_c + malACP_c --> actACP_c + co2_c + coa_c",,0.004168,0.0004387,0.1053,1.304,down,2.974e-05,,14.75,3OAS100_num1,"['0.000e+00', '2.008e-01']","['0.000e+00', '2.960e-02']",h_c + malACP_c + ocACP_c --> 3odecACP_c + ACP_c + co2_c,,Overlaped Reaction Range
Cgl2491,"['4.132e-03', '4.290e-03']","['4.289e-04', '4.783e-04']","3OAS100_num1 (0.1883280814851268): h_c + malACP_c + ocACP_c --> 3odecACP_c + ACP_c + co2_c, 3OAS121_num1 (0.10304379727055003): cdec3eACP_c + h_c + malACP_c --> 3ocddec5eACP_c + ACP_c + co2_c, 3OAS141_num1 (0.10304379727055003): cddec5eACP_c + h_c + malACP_c --> 3ocmrs7eACP_c + ACP_c + co2_c, 3OAS161_num1 (0.1008039179043575): h_c + malACP_c + tdeACP_c --> 3ocpalm9eACP_c + ACP_c + co2_c, 3OAS60_num1 (0.1883280814851269): butACP_c + h_c + malACP_c --> 3ohexACP_c + ACP_c + co2_c, 3OAS80_num1 (0.1883280814851269): h_c + hexACP_c + malACP_c --> 3ooctACP_c + ACP_c + co2_c, KAS15_num1 (0.1883280814851269): accoa_c + h_c + malACP_c --> actACP_c + co2_c + coa_c",,0.004168,0.0004387,0.1053,1.304,down,2.974e-05,,14.75,3OAS120_num1,"['0.000e+00', '9.092e-02']","['0.000e+00', '1.341e-02']",dcaACP_c + h_c + malACP_c --> 3oddecACP_c + ACP_c + co2_c,,Overlaped Reaction Range
Cgl2491,"['4.132e-03', '4.290e-03']","['4.289e-04', '4.783e-04']","3OAS100_num1 (0.1883280814851268): h_c + malACP_c + ocACP_c --> 3odecACP_c + ACP_c + co2_c, 3OAS121_num1 (0.10304379727055003): cdec3eACP_c + h_c + malACP_c --> 3ocddec5eACP_c + ACP_c + co2_c, 3OAS141_num1 (0.10304379727055003): cddec5eACP_c + h_c + malACP_c --> 3ocmrs7eACP_c + ACP_c + co2_c, 3OAS161_num1 (0.1008039179043575): h_c + malACP_c + tdeACP_c --> 3ocpalm9eACP_c + ACP_c + co2_c, 3OAS60_num1 (0.1883280814851269): butACP_c + h_c + malACP_c --> 3ohexACP_c + ACP_c + co2_c, 3OAS80_num1 (0.1883280814851269): h_c + hexACP_c + malACP_c --> 3ooctACP_c + ACP_c + co2_c, KAS15_num1 (0.1883280814851269): accoa_c + h_c + malACP_c --> actACP_c + co2_c + coa_c",,0.004168,0.0004387,0.1053,1.304,down,2.974e-05,,14.75,3OAS121_num1,"['0.000e+00', '1.099e-01']","['0.000e+00', '1.620e-02']",cdec3eACP_c + h_c + malACP_c --> 3ocddec5eACP_c + ACP_c + co2_c,,Overlaped Reaction Range
Cgl2491,"['4.132e-03', '4.290e-03']","['4.289e-04', '4.783e-04']","3OAS100_num1 (0.1883280814851268): h_c + malACP_c + ocACP_c --> 3odecACP_c + ACP_c + co2_c, 3OAS121_num1 (0.10304379727055003): cdec3eACP_c + h_c + malACP_c --> 3ocddec5eACP_c + ACP_c + co2_c, 3OAS141_num1 (0.10304379727055003): cddec5eACP_c + h_c + malACP_c --> 3ocmrs7eACP_c + ACP_c + co2_c, 3OAS161_num1 (0.1008039179043575): h_c + malACP_c + tdeACP_c --> 3ocpalm9eACP_c + ACP_c + co2_c, 3OAS60_num1 (0.1883280814851269): butACP_c + h_c + malACP_c --> 3ohexACP_c + ACP_c + co2_c, 3OAS80_num1 (0.1883280814851269): h_c + hexACP_c + malACP_c --> 3ooctACP_c + ACP_c + co2_c, KAS15_num1 (0.1883280814851269): accoa_c + h_c + malACP_c --> actACP_c + co2_c + coa_c",,0.004168,0.0004387,0.1053,1.304,down,2.974e-05,,14.75,3OAS140_num1,"['0.000e+00', '9.092e-02']","['0.000e+00', '1.341e-02']",ddcaACP_c + h_c + malACP_c --> 3omrsACP_c + ACP_c + co2_c,,Overlaped Reaction Range
Cgl2491,"['4.132e-03', '4.290e-03']","['4.289e-04', '4.783e-04']","3OAS100_num1 (0.1883280814851268): h_c + malACP_c + ocACP_c --> 3odecACP_c + ACP_c + co2_c, 3OAS121_num1 (0.10304379727055003): cdec3eACP_c + h_c + malACP_c --> 3ocddec5eACP_c + ACP_c + co2_c, 3OAS141_num1 (0.10304379727055003): cddec5eACP_c + h_c + malACP_c --> 3ocmrs7eACP_c + ACP_c + co2_c, 3OAS161_num1 (0.1008039179043575): h_c + malACP_c + tdeACP_c --> 3ocpalm9eACP_c + ACP_c + co2_c, 3OAS60_num1 (0.1883280814851269): butACP_c + h_c + malACP_c --> 3ohexACP_c + ACP_c + co2_c, 3OAS80_num1 (0.1883280814851269): h_c + hexACP_c + malACP_c --> 3ooctACP_c + ACP_c + co2_c, KAS15_num1 (0.1883280814851269): accoa_c + h_c + malACP_c --> actACP_c + co2_c + coa_c",,0.004168,0.0004387,0.1053,1.304,down,2.974e-05,,14.75,3OAS141_num1,"['0.000e+00', '1.099e-01']","['0.000e+00', '1.620e-02']",cddec5eACP_c + h_c + malACP_c --> 3ocmrs7eACP_c + ACP_c + co2_c,,Overlaped Reaction Range
Cgl2491,"['4.132e-03', '4.290e-03']","['4.289e-04', '4.783e-04']","3OAS100_num1 (0.1883280814851268): h_c + malACP_c + ocACP_c --> 3odecACP_c + ACP_c + co2_c, 3OAS121_num1 (0.10304379727055003): cdec3eACP_c + h_c + malACP_c --> 3ocddec5eACP_c + ACP_c + co2_c, 3OAS141_num1 (0.10304379727055003): cddec5eACP_c + h_c + malACP_c --> 3ocmrs7eACP_c + ACP_c + co2_c, 3OAS161_num1 (0.1008039179043575): h_c + malACP_c + tdeACP_c --> 3ocpalm9eACP_c + ACP_c + co2_c, 3OAS60_num1 (0.1883280814851269): butACP_c + h_c + malACP_c --> 3ohexACP_c + ACP_c + co2_c, 3OAS80_num1 (0.1883280814851269): h_c + hexACP_c + malACP_c --> 3ooctACP_c + ACP_c + co2_c, KAS15_num1 (0.1883280814851269): accoa_c + h_c + malACP_c --> actACP_c + co2_c + coa_c",,0.004168,0.0004387,0.1053,1.304,down,2.974e-05,,14.75,3OAS160_num1,"['0.000e+00', '8.961e-02']","['0.000e+00', '1.321e-02']",h_c + malACP_c + myrsACP_c --> 3opalmACP_c + ACP_c + co2_c,,Overlaped Reaction Range
Cgl2491,"['4.132e-03', '4.290e-03']","['4.289e-04', '4.783e-04']","3OAS100_num1 (0.1883280814851268): h_c + malACP_c + ocACP_c --> 3odecACP_c + ACP_c + co2_c, 3OAS121_num1 (0.10304379727055003): cdec3eACP_c + h_c + malACP_c --> 3ocddec5eACP_c + ACP_c + co2_c, 3OAS141_num1 (0.10304379727055003): cddec5eACP_c + h_c + malACP_c --> 3ocmrs7eACP_c + ACP_c + co2_c, 3OAS161_num1 (0.1008039179043575): h_c + malACP_c + tdeACP_c --> 3ocpalm9eACP_c + ACP_c + co2_c, 3OAS60_num1 (0.1883280814851269): butACP_c + h_c + malACP_c --> 3ohexACP_c + ACP_c + co2_c, 3OAS80_num1 (0.1883280814851269): h_c + hexACP_c + malACP_c --> 3ooctACP_c + ACP_c + co2_c, KAS15_num1 (0.1883280814851269): accoa_c + h_c + malACP_c --> actACP_c + co2_c + coa_c",,0.004168,0.0004387,0.1053,1.304,down,2.974e-05,,14.75,3OAS161_num1,"['0.000e+00', '1.075e-01']","['0.000e+00', '1.585e-02']",h_c + malACP_c + tdeACP_c --> 3ocpalm9eACP_c + ACP_c + co2_c,,Overlaped Reaction Range
Cgl2491,"['4.132e-03', '4.290e-03']","['4.289e-04', '4.783e-04']","3OAS100_num1 (0.1883280814851268): h_c + malACP_c + ocACP_c --> 3odecACP_c + ACP_c + co2_c, 3OAS121_num1 (0.10304379727055003): cdec3eACP_c + h_c + malACP_c --> 3ocddec5eACP_c + ACP_c + co2_c, 3OAS141_num1 (0.10304379727055003): cddec5eACP_c + h_c + malACP_c --> 3ocmrs7eACP_c + ACP_c + co2_c, 3OAS161_num1 (0.1008039179043575): h_c + malACP_c + tdeACP_c --> 3ocpalm9eACP_c + ACP_c + co2_c, 3OAS60_num1 (0.1883280814851269): butACP_c + h_c + malACP_c --> 3ohexACP_c + ACP_c + co2_c, 3OAS80_num1 (0.1883280814851269): h_c + hexACP_c + malACP_c --> 3ooctACP_c + ACP_c + co2_c, KAS15_num1 (0.1883280814851269): accoa_c + h_c + malACP_c --> actACP_c + co2_c + coa_c",,0.004168,0.0004387,0.1053,1.304,down,2.974e-05,,14.75,3OAS180_num1,"['0.000e+00', '1.837e-03']","['0.000e+00', '2.709e-04']",h_c + malACP_c + palmACP_c --> 3ooctdACP_c + ACP_c + co2_c,,Overlaped Reaction Range
Cgl2491,"['4.132e-03', '4.290e-03']","['4.289e-04', '4.783e-04']","3OAS100_num1 (0.1883280814851268): h_c + malACP_c + ocACP_c --> 3odecACP_c + ACP_c + co2_c, 3OAS121_num1 (0.10304379727055003): cdec3eACP_c + h_c + malACP_c --> 3ocddec5eACP_c + ACP_c + co2_c, 3OAS141_num1 (0.10304379727055003): cddec5eACP_c + h_c + malACP_c --> 3ocmrs7eACP_c + ACP_c + co2_c, 3OAS161_num1 (0.1008039179043575): h_c + malACP_c + tdeACP_c --> 3ocpalm9eACP_c + ACP_c + co2_c, 3OAS60_num1 (0.1883280814851269): butACP_c + h_c + malACP_c --> 3ohexACP_c + ACP_c + co2_c, 3OAS80_num1 (0.1883280814851269): h_c + hexACP_c + malACP_c --> 3ooctACP_c + ACP_c + co2_c, KAS15_num1 (0.1883280814851269): accoa_c + h_c + malACP_c --> actACP_c + co2_c + coa_c",,0.004168,0.0004387,0.1053,1.304,down,2.974e-05,,14.75,3OAS181_num1,"['0.000e+00', '1.053e-01']","['0.000e+00', '1.553e-02']",h_c + hdeACP_c + malACP_c --> 3ocvac11eACP_c + ACP_c + co2_c,,Overlaped Reaction Range
Cgl2491,"['4.132e-03', '4.290e-03']","['4.289e-04', '4.783e-04']","3OAS100_num1 (0.1883280814851268): h_c + malACP_c + ocACP_c --> 3odecACP_c + ACP_c + co2_c, 3OAS121_num1 (0.10304379727055003): cdec3eACP_c + h_c + malACP_c --> 3ocddec5eACP_c + ACP_c + co2_c, 3OAS141_num1 (0.10304379727055003): cddec5eACP_c + h_c + malACP_c --> 3ocmrs7eACP_c + ACP_c + co2_c, 3OAS161_num1 (0.1008039179043575): h_c + malACP_c + tdeACP_c --> 3ocpalm9eACP_c + ACP_c + co2_c, 3OAS60_num1 (0.1883280814851269): butACP_c + h_c + malACP_c --> 3ohexACP_c + ACP_c + co2_c, 3OAS80_num1 (0.1883280814851269): h_c + hexACP_c + malACP_c --> 3ooctACP_c + ACP_c + co2_c, KAS15_num1 (0.1883280814851269): accoa_c + h_c + malACP_c --> actACP_c + co2_c + coa_c",,0.004168,0.0004387,0.1053,1.304,down,2.974e-05,,14.75,3OAS60_num1,"['0.000e+00', '2.008e-01']","['0.000e+00', '2.960e-02']",butACP_c + h_c + malACP_c --> 3ohexACP_c + ACP_c + co2_c,,Overlaped Reaction Range
Cgl2491,"['4.132e-03', '4.290e-03']","['4.289e-04', '4.783e-04']","3OAS100_num1 (0.1883280814851268): h_c + malACP_c + ocACP_c --> 3odecACP_c + ACP_c + co2_c, 3OAS121_num1 (0.10304379727055003): cdec3eACP_c + h_c + malACP_c --> 3ocddec5eACP_c + ACP_c + co2_c, 3OAS141_num1 (0.10304379727055003): cddec5eACP_c + h_c + malACP_c --> 3ocmrs7eACP_c + ACP_c + co2_c, 3OAS161_num1 (0.1008039179043575): h_c + malACP_c + tdeACP_c --> 3ocpalm9eACP_c + ACP_c + co2_c, 3OAS60_num1 (0.1883280814851269): butACP_c + h_c + malACP_c --> 3ohexACP_c + ACP_c + co2_c, 3OAS80_num1 (0.1883280814851269): h_c + hexACP_c + malACP_c --> 3ooctACP_c + ACP_c + co2_c, KAS15_num1 (0.1883280814851269): accoa_c + h_c + malACP_c --> actACP_c + co2_c + coa_c",,0.004168,0.0004387,0.1053,1.304,down,2.974e-05,,14.75,3OAS80_num1,"['0.000e+00', '2.008e-01']","['0.000e+00', '2.960e-02']",h_c + hexACP_c + malACP_c --> 3ooctACP_c + ACP_c + co2_c,,Overlaped Reaction Range
Cgl2491,"['4.132e-03', '4.290e-03']","['4.289e-04', '4.783e-04']","3OAS100_num1 (0.1883280814851268): h_c + malACP_c + ocACP_c --> 3odecACP_c + ACP_c + co2_c, 3OAS121_num1 (0.10304379727055003): cdec3eACP_c + h_c + malACP_c --> 3ocddec5eACP_c + ACP_c + co2_c, 3OAS141_num1 (0.10304379727055003): cddec5eACP_c + h_c + malACP_c --> 3ocmrs7eACP_c + ACP_c + co2_c, 3OAS161_num1 (0.1008039179043575): h_c + malACP_c + tdeACP_c --> 3ocpalm9eACP_c + ACP_c + co2_c, 3OAS60_num1 (0.1883280814851269): butACP_c + h_c + malACP_c --> 3ohexACP_c + ACP_c + co2_c, 3OAS80_num1 (0.1883280814851269): h_c + hexACP_c + malACP_c --> 3ooctACP_c + ACP_c + co2_c, KAS15_num1 (0.1883280814851269): accoa_c + h_c + malACP_c --> actACP_c + co2_c + coa_c",,0.004168,0.0004387,0.1053,1.304,down,2.974e-05,,14.75,AACPS1_num1,"['0.000e+00', '5.604e+00']","['0.000e+00', '6.971e+00']",ACP_c + atp_c + ttdca_c --> amp_c + myrsACP_c + ppi_c,,Overlaped Reaction Range
Cgl2491,"['4.132e-03', '4.290e-03']","['4.289e-04', '4.783e-04']","3OAS100_num1 (0.1883280814851268): h_c + malACP_c + ocACP_c --> 3odecACP_c + ACP_c + co2_c, 3OAS121_num1 (0.10304379727055003): cdec3eACP_c + h_c + malACP_c --> 3ocddec5eACP_c + ACP_c + co2_c, 3OAS141_num1 (0.10304379727055003): cddec5eACP_c + h_c + malACP_c --> 3ocmrs7eACP_c + ACP_c + co2_c, 3OAS161_num1 (0.1008039179043575): h_c + malACP_c + tdeACP_c --> 3ocpalm9eACP_c + ACP_c + co2_c, 3OAS60_num1 (0.1883280814851269): butACP_c + h_c + malACP_c --> 3ohexACP_c + ACP_c + co2_c, 3OAS80_num1 (0.1883280814851269): h_c + hexACP_c + malACP_c --> 3ooctACP_c + ACP_c + co2_c, KAS15_num1 (0.1883280814851269): accoa_c + h_c + malACP_c --> actACP_c + co2_c + coa_c",,0.004168,0.0004387,0.1053,1.304,down,2.974e-05,,14.75,AACPS2_num1,"['0.000e+00', '5.604e+00']","['0.000e+00', '6.971e+00']",ACP_c + atp_c + ttdcea_c --> amp_c + ppi_c + tdeACP_c,,Overlaped Reaction Range
Cgl2491,"['4.132e-03', '4.290e-03']","['4.289e-04', '4.783e-04']","3OAS100_num1 (0.1883280814851268): h_c + malACP_c + ocACP_c --> 3odecACP_c + ACP_c + co2_c, 3OAS121_num1 (0.10304379727055003): cdec3eACP_c + h_c + malACP_c --> 3ocddec5eACP_c + ACP_c + co2_c, 3OAS141_num1 (0.10304379727055003): cddec5eACP_c + h_c + malACP_c --> 3ocmrs7eACP_c + ACP_c + co2_c, 3OAS161_num1 (0.1008039179043575): h_c + malACP_c + tdeACP_c --> 3ocpalm9eACP_c + ACP_c + co2_c, 3OAS60_num1 (0.1883280814851269): butACP_c + h_c + malACP_c --> 3ohexACP_c + ACP_c + co2_c, 3OAS80_num1 (0.1883280814851269): h_c + hexACP_c + malACP_c --> 3ooctACP_c + ACP_c + co2_c, KAS15_num1 (0.1883280814851269): accoa_c + h_c + malACP_c --> actACP_c + co2_c + coa_c",,0.004168,0.0004387,0.1053,1.304,down,2.974e-05,,14.75,AACPS3_num1,"['0.000e+00', '5.604e+00']","['0.000e+00', '6.971e+00']",ACP_c + atp_c + hdca_c --> amp_c + palmACP_c + ppi_c,,Overlaped Reaction Range
Cgl2491,"['4.132e-03', '4.290e-03']","['4.289e-04', '4.783e-04']","3OAS100_num1 (0.1883280814851268): h_c + malACP_c + ocACP_c --> 3odecACP_c + ACP_c + co2_c, 3OAS121_num1 (0.10304379727055003): cdec3eACP_c + h_c + malACP_c --> 3ocddec5eACP_c + ACP_c + co2_c, 3OAS141_num1 (0.10304379727055003): cddec5eACP_c + h_c + malACP_c --> 3ocmrs7eACP_c + ACP_c + co2_c, 3OAS161_num1 (0.1008039179043575): h_c + malACP_c + tdeACP_c --> 3ocpalm9eACP_c + ACP_c + co2_c, 3OAS60_num1 (0.1883280814851269): butACP_c + h_c + malACP_c --> 3ohexACP_c + ACP_c + co2_c, 3OAS80_num1 (0.1883280814851269): h_c + hexACP_c + malACP_c --> 3ooctACP_c + ACP_c + co2_c, KAS15_num1 (0.1883280814851269): accoa_c + h_c + malACP_c --> actACP_c + co2_c + coa_c",,0.004168,0.0004387,0.1053,1.304,down,2.974e-05,,14.75,AACPS4_num1,"['0.000e+00', '5.604e+00']","['0.000e+00', '6.971e+00']",ACP_c + atp_c + hdcea_c --> amp_c + hdeACP_c + ppi_c,,Overlaped Reaction Range
Cgl2491,"['4.132e-03', '4.290e-03']","['4.289e-04', '4.783e-04']","3OAS100_num1 (0.1883280814851268): h_c + malACP_c + ocACP_c --> 3odecACP_c + ACP_c + co2_c, 3OAS121_num1 (0.10304379727055003): cdec3eACP_c + h_c + malACP_c --> 3ocddec5eACP_c + ACP_c + co2_c, 3OAS141_num1 (0.10304379727055003): cddec5eACP_c + h_c + malACP_c --> 3ocmrs7eACP_c + ACP_c + co2_c, 3OAS161_num1 (0.1008039179043575): h_c + malACP_c + tdeACP_c --> 3ocpalm9eACP_c + ACP_c + co2_c, 3OAS60_num1 (0.1883280814851269): butACP_c + h_c + malACP_c --> 3ohexACP_c + ACP_c + co2_c, 3OAS80_num1 (0.1883280814851269): h_c + hexACP_c + malACP_c --> 3ooctACP_c + ACP_c + co2_c, KAS15_num1 (0.1883280814851269): accoa_c + h_c + malACP_c --> actACP_c + co2_c + coa_c",,0.004168,0.0004387,0.1053,1.304,down,2.974e-05,,14.75,AACPS5_num1,"['0.000e+00', '0.000e+00']","['0.000e+00', '0.000e+00']",ACP_c + atp_c + ocdcea_c --> amp_c + octeACP_c + ppi_c,,Overlaped Reaction Range
Cgl2491,"['4.132e-03', '4.290e-03']","['4.289e-04', '4.783e-04']","3OAS100_num1 (0.1883280814851268): h_c + malACP_c + ocACP_c --> 3odecACP_c + ACP_c + co2_c, 3OAS121_num1 (0.10304379727055003): cdec3eACP_c + h_c + malACP_c --> 3ocddec5eACP_c + ACP_c + co2_c, 3OAS141_num1 (0.10304379727055003): cddec5eACP_c + h_c + malACP_c --> 3ocmrs7eACP_c + ACP_c + co2_c, 3OAS161_num1 (0.1008039179043575): h_c + malACP_c + tdeACP_c --> 3ocpalm9eACP_c + ACP_c + co2_c, 3OAS60_num1 (0.1883280814851269): butACP_c + h_c + malACP_c --> 3ohexACP_c + ACP_c + co2_c, 3OAS80_num1 (0.1883280814851269): h_c + hexACP_c + malACP_c --> 3ooctACP_c + ACP_c + co2_c, KAS15_num1 (0.1883280814851269): accoa_c + h_c + malACP_c --> actACP_c + co2_c + coa_c",,0.004168,0.0004387,0.1053,1.304,down,2.974e-05,,14.75,AACPS6_num1,"['0.000e+00', '5.604e+00']","['0.000e+00', '6.971e+00']",ACP_c + atp_c + ocdca_c --> amp_c + ocdcaACP_c + ppi_c,,Overlaped Reaction Range
Cgl2491,"['4.132e-03', '4.290e-03']","['4.289e-04', '4.783e-04']","3OAS100_num1 (0.1883280814851268): h_c + malACP_c + ocACP_c --> 3odecACP_c + ACP_c + co2_c, 3OAS121_num1 (0.10304379727055003): cdec3eACP_c + h_c + malACP_c --> 3ocddec5eACP_c + ACP_c + co2_c, 3OAS141_num1 (0.10304379727055003): cddec5eACP_c + h_c + malACP_c --> 3ocmrs7eACP_c + ACP_c + co2_c, 3OAS161_num1 (0.1008039179043575): h_c + malACP_c + tdeACP_c --> 3ocpalm9eACP_c + ACP_c + co2_c, 3OAS60_num1 (0.1883280814851269): butACP_c + h_c + malACP_c --> 3ohexACP_c + ACP_c + co2_c, 3OAS80_num1 (0.1883280814851269): h_c + hexACP_c + malACP_c --> 3ooctACP_c + ACP_c + co2_c, KAS15_num1 (0.1883280814851269): accoa_c + h_c + malACP_c --> actACP_c + co2_c + coa_c",,0.004168,0.0004387,0.1053,1.304,down,2.974e-05,,14.75,AACPS7_num1,"['0.000e+00', '5.604e+00']","['0.000e+00', '6.971e+00']",ACP_c + atp_c + ddca_c --> amp_c + ddcaACP_c + ppi_c,,Overlaped Reaction Range
Cgl2491,"['4.132e-03', '4.290e-03']","['4.289e-04', '4.783e-04']","3OAS100_num1 (0.1883280814851268): h_c + malACP_c + ocACP_c --> 3odecACP_c + ACP_c + co2_c, 3OAS121_num1 (0.10304379727055003): cdec3eACP_c + h_c + malACP_c --> 3ocddec5eACP_c + ACP_c + co2_c, 3OAS141_num1 (0.10304379727055003): cddec5eACP_c + h_c + malACP_c --> 3ocmrs7eACP_c + ACP_c + co2_c, 3OAS161_num1 (0.1008039179043575): h_c + malACP_c + tdeACP_c --> 3ocpalm9eACP_c + ACP_c + co2_c, 3OAS60_num1 (0.1883280814851269): butACP_c + h_c + malACP_c --> 3ohexACP_c + ACP_c + co2_c, 3OAS80_num1 (0.1883280814851269): h_c + hexACP_c + malACP_c --> 3ooctACP_c + ACP_c + co2_c, KAS15_num1 (0.1883280814851269): accoa_c + h_c + malACP_c --> actACP_c + co2_c + coa_c",,0.004168,0.0004387,0.1053,1.304,down,2.974e-05,,14.75,AACPS8_num1,"['0.000e+00', '5.604e+00']","['0.000e+00', '6.971e+00']",ACP_c + atp_c + dca_c --> amp_c + dcaACP_c + ppi_c,,Overlaped Reaction Range
Cgl2491,"['4.132e-03', '4.290e-03']","['4.289e-04', '4.783e-04']","3OAS100_num1 (0.1883280814851268): h_c + malACP_c + ocACP_c --> 3odecACP_c + ACP_c + co2_c, 3OAS121_num1 (0.10304379727055003): cdec3eACP_c + h_c + malACP_c --> 3ocddec5eACP_c + ACP_c + co2_c, 3OAS141_num1 (0.10304379727055003): cddec5eACP_c + h_c + malACP_c --> 3ocmrs7eACP_c + ACP_c + co2_c, 3OAS161_num1 (0.1008039179043575): h_c + malACP_c + tdeACP_c --> 3ocpalm9eACP_c + ACP_c + co2_c, 3OAS60_num1 (0.1883280814851269): butACP_c + h_c + malACP_c --> 3ohexACP_c + ACP_c + co2_c, 3OAS80_num1 (0.1883280814851269): h_c + hexACP_c + malACP_c --> 3ooctACP_c + ACP_c + co2_c, KAS15_num1 (0.1883280814851269): accoa_c + h_c + malACP_c --> actACP_c + co2_c + coa_c",,0.004168,0.0004387,0.1053,1.304,down,2.974e-05,,14.75,AACPS9_num1,"['0.000e+00', '5.604e+00']","['0.000e+00', '6.971e+00']",ACP_c + atp_c + octa_c --> amp_c + ocACP_c + ppi_c,,Overlaped Reaction Range
Cgl2491,"['4.132e-03', '4.290e-03']","['4.289e-04', '4.783e-04']","3OAS100_num1 (0.1883280814851268): h_c + malACP_c + ocACP_c --> 3odecACP_c + ACP_c + co2_c, 3OAS121_num1 (0.10304379727055003): cdec3eACP_c + h_c + malACP_c --> 3ocddec5eACP_c + ACP_c + co2_c, 3OAS141_num1 (0.10304379727055003): cddec5eACP_c + h_c + malACP_c --> 3ocmrs7eACP_c + ACP_c + co2_c, 3OAS161_num1 (0.1008039179043575): h_c + malACP_c + tdeACP_c --> 3ocpalm9eACP_c + ACP_c + co2_c, 3OAS60_num1 (0.1883280814851269): butACP_c + h_c + malACP_c --> 3ohexACP_c + ACP_c + co2_c, 3OAS80_num1 (0.1883280814851269): h_c + hexACP_c + malACP_c --> 3ooctACP_c + ACP_c + co2_c, KAS15_num1 (0.1883280814851269): accoa_c + h_c + malACP_c --> actACP_c + co2_c + coa_c",,0.004168,0.0004387,0.1053,1.304,down,2.974e-05,,14.75,ACPS1_num1,"['0.000e+00', '0.000e+00']","['0.000e+00', '0.000e+00']",apoACP_c + coa_c --> ACP_c + h_c + pap_c,,Overlaped Reaction Range
Cgl2491,"['4.132e-03', '4.290e-03']","['4.289e-04', '4.783e-04']","3OAS100_num1 (0.1883280814851268): h_c + malACP_c + ocACP_c --> 3odecACP_c + ACP_c + co2_c, 3OAS121_num1 (0.10304379727055003): cdec3eACP_c + h_c + malACP_c --> 3ocddec5eACP_c + ACP_c + co2_c, 3OAS141_num1 (0.10304379727055003): cddec5eACP_c + h_c + malACP_c --> 3ocmrs7eACP_c + ACP_c + co2_c, 3OAS161_num1 (0.1008039179043575): h_c + malACP_c + tdeACP_c --> 3ocpalm9eACP_c + ACP_c + co2_c, 3OAS60_num1 (0.1883280814851269): butACP_c + h_c + malACP_c --> 3ohexACP_c + ACP_c + co2_c, 3OAS80_num1 (0.1883280814851269): h_c + hexACP_c + malACP_c --> 3ooctACP_c + ACP_c + co2_c, KAS15_num1 (0.1883280814851269): accoa_c + h_c + malACP_c --> actACP_c + co2_c + coa_c",,0.004168,0.0004387,0.1053,1.304,down,2.974e-05,,14.75,KAS14_num1,"['0.000e+00', '2.008e-01']","['0.000e+00', '2.960e-02']",acACP_c + h_c + malACP_c --> ACP_c + actACP_c + co2_c,,Overlaped Reaction Range
Cgl2491,"['4.132e-03', '4.290e-03']","['4.289e-04', '4.783e-04']","3OAS100_num1 (0.1883280814851268): h_c + malACP_c + ocACP_c --> 3odecACP_c + ACP_c + co2_c, 3OAS121_num1 (0.10304379727055003): cdec3eACP_c + h_c + malACP_c --> 3ocddec5eACP_c + ACP_c + co2_c, 3OAS141_num1 (0.10304379727055003): cddec5eACP_c + h_c + malACP_c --> 3ocmrs7eACP_c + ACP_c + co2_c, 3OAS161_num1 (0.1008039179043575): h_c + malACP_c + tdeACP_c --> 3ocpalm9eACP_c + ACP_c + co2_c, 3OAS60_num1 (0.1883280814851269): butACP_c + h_c + malACP_c --> 3ohexACP_c + ACP_c + co2_c, 3OAS80_num1 (0.1883280814851269): h_c + hexACP_c + malACP_c --> 3ooctACP_c + ACP_c + co2_c, KAS15_num1 (0.1883280814851269): accoa_c + h_c + malACP_c --> actACP_c + co2_c + coa_c",,0.004168,0.0004387,0.1053,1.304,down,2.974e-05,,14.75,KAS15_num1,"['0.000e+00', '2.008e-01']","['0.000e+00', '2.960e-02']",accoa_c + h_c + malACP_c --> actACP_c + co2_c + coa_c,,Overlaped Reaction Range
Cgl1609 and Cgl1610,"['3.809e-03', '3.930e-03']","['4.009e-04', '4.345e-04']",CBPS (0.1419622962817673): 2.0 atp_c + gln__L_c + h2o_c + hco3_c --> 2.0 adp_c + cbp_c + glu__L_c + 2.0 h_c + pi_c,,0.003809,0.0004009,0.1053,1.192,down,1.236e-06,,324.3,CBPS,"['0.000e+00', '2.802e+00']","['0.000e+00', '3.485e+00']",2.0 atp_c + gln__L_c + h2o_c + hco3_c --> 2.0 adp_c + cbp_c + glu__L_c + 2.0 h_c + pi_c,,Overlaped Reaction Range
Cgl3007,"['0.000e+00', '1.214e-04']","['2.753e-04', '3.122e-04']",,ME2 (4.352905088608564): mal__L_c + nadp_c --> co2_c + nadph_c + pyr_c,,0.0002785,,0.8281,Up,6.804e-06,"[('ME2', 639742.7647058824)]",40.93,ME2,"['0.000e+00', '6.198e+00']","['3.957e+00', '1.187e+01']",mal__L_c + nadp_c --> co2_c + nadph_c + pyr_c,,Overlaped Reaction Range
Cgl3007,"['0.000e+00', '1.214e-04']","['2.753e-04', '3.122e-04']",,ME2 (4.352905088608564): mal__L_c + nadp_c --> co2_c + nadph_c + pyr_c,,0.0002785,,0.8281,Up,6.804e-06,"[('ME2', 639742.7647058824)]",40.93,ME1_num2,"['0.000e+00', '5.604e+00']","['0.000e+00', '6.971e+00']",mal__L_c + nad_c --> co2_c + nadh_c + pyr_c,,Overlaped Reaction Range
Cgl0828,"['2.026e-03', '2.188e-03']","['2.080e-04', '2.512e-04']",PSERT (0.4626011073877969): 3php_c + glu__L_c --> akg_c + pser__L_c,,0.002067,0.0002175,0.1053,0.6468,down,5.432e-06,,40.05,OHPBAT,"['0.000e+00', '1.000e+03']","['0.000e+00', '1.000e+03']",glu__L_c + ohpb_c --> akg_c + phthr_c,,Overlaped Reaction Range
Cgl0828,"['2.026e-03', '2.188e-03']","['2.080e-04', '2.512e-04']",PSERT (0.4626011073877969): 3php_c + glu__L_c --> akg_c + pser__L_c,,0.002067,0.0002175,0.1053,0.6468,down,5.432e-06,,40.05,PSERT,"['4.023e-01', '3.735e+00']","['4.235e-02', '3.535e+00']",3php_c + glu__L_c --> akg_c + pser__L_c,,Overlaped Reaction Range
Cgl1315 and Cgl1316,"['2.014e-03', '2.136e-03']","['2.120e-04', '2.457e-04']","IPPMIa_reverse (0.1569892407472904): 2ippm_c + h2o_c --> 3c2hmp_c, IPPMIb_reverse (0.1569892407472904): 3c3hmp_c --> 2ippm_c + h2o_c",,0.002014,0.000212,0.1053,0.6304,down,2.869e-06,,73.9,IPPMIa,"['0.000e+00', '9.998e+02']","['0.000e+00', '1.000e+03']",3c2hmp_c --> 2ippm_c + h2o_c,,Overlaped Reaction Range
Cgl1315 and Cgl1316,"['2.014e-03', '2.136e-03']","['2.120e-04', '2.457e-04']","IPPMIa_reverse (0.1569892407472904): 2ippm_c + h2o_c --> 3c2hmp_c, IPPMIb_reverse (0.1569892407472904): 3c3hmp_c --> 2ippm_c + h2o_c",,0.002014,0.000212,0.1053,0.6304,down,2.869e-06,,73.9,IPPMIb,"['0.000e+00', '9.998e+02']","['0.000e+00', '1.000e+03']",2ippm_c + h2o_c --> 3c3hmp_c,,Overlaped Reaction Range
Cgl1452,"['2.342e-04', '3.742e-04']","['1.797e-04', '2.172e-04']",GND (2.8145583135234493): 6pgc_c + nadp_c --> co2_c + nadph_c + ru5p__D_c,GND (2.042139617161114): 6pgc_c + nadp_c --> co2_c + nadph_c + ru5p__D_c,0.000253,0.0001835,0.7256,0.5457,down,1.745e-06,"[('GND', 1170000.0)]",105.2,GND,"['0.000e+00', '8.571e+00']","['0.000e+00', '2.251e+00']",6pgc_c + nadp_c --> co2_c + nadph_c + ru5p__D_c,,Overlaped Reaction Range
Cgl1273,"['1.742e-03', '1.863e-03']","['1.833e-04', '2.171e-04']",KARA1_reverse (0.27937066159812857): alac__S_c + h_c + nadph_c --> 23dhmb_c + nadp_c,,0.001742,0.0001833,0.1053,0.5452,down,5.071e-06,,36.16,KARA1,"['0.000e+00', '9.997e+02']","['0.000e+00', '1.000e+03']",23dhmb_c + nadp_c --> alac__S_c + h_c + nadph_c,,Overlaped Reaction Range
Cgl1273,"['1.742e-03', '1.863e-03']","['1.833e-04', '2.171e-04']",KARA1_reverse (0.27937066159812857): alac__S_c + h_c + nadph_c --> 23dhmb_c + nadp_c,,0.001742,0.0001833,0.1053,0.5452,down,5.071e-06,,36.16,KARA2,"['8.539e-02', '1.000e+03']","['8.988e-03', '1.000e+03']",2ahbut_c + h_c + nadph_c --> 23dhmp_c + nadp_c,,Overlaped Reaction Range
Cgl0664,"['2.555e-03', '2.732e-03']","['9.537e-05', '1.338e-04']",ICDHyr (1.9471735361347344): icit_c + nadp_c --> akg_c + co2_c + nadph_c,,0.002611,0.0001002,0.03837,0.2978,down,1.251e-06,,80.08,ICDHyr,"['5.803e-01', '3.437e+00']","['6.109e-02', '8.114e-01']",icit_c + nadp_c --> akg_c + co2_c + nadph_c,,Overlaped Reaction Range
Cgl0719,"['3.767e-04', '4.987e-04']","['6.298e-05', '1.025e-04']","EAR121y (0.10304379727055003): h_c + nadph_c + t3c5ddeceACP_c --> cddec5eACP_c + nadp_c, EAR141y (0.10304379727055003): h_c + nadph_c + t3c7mrseACP_c --> nadp_c + tdeACP_c, EAR161y (0.1008039179043575): h_c + nadph_c + t3c9palmeACP_c --> hdeACP_c + nadp_c, EAR40y (0.1883280814851269): but2eACP_c + h_c + nadph_c --> butACP_c + nadp_c, EAR60y (0.1883280814851269): h_c + nadph_c + thex2eACP_c --> hexACP_c + nadp_c, EAR80y (0.1883280814851268): h_c + nadph_c + toct2eACP_c --> nadp_c + ocACP_c",,0.0003767,6.881e-05,0.1827,0.2046,down,2.469e-06,,27.87,EAR100x,"['0.000e+00', '9.092e-02']","['0.000e+00', '1.341e-02']",h_c + nadh_c + tdec2eACP_c --> dcaACP_c + nad_c,,Overlaped Reaction Range
Cgl0719,"['3.767e-04', '4.987e-04']","['6.298e-05', '1.025e-04']","EAR121y (0.10304379727055003): h_c + nadph_c + t3c5ddeceACP_c --> cddec5eACP_c + nadp_c, EAR141y (0.10304379727055003): h_c + nadph_c + t3c7mrseACP_c --> nadp_c + tdeACP_c, EAR161y (0.1008039179043575): h_c + nadph_c + t3c9palmeACP_c --> hdeACP_c + nadp_c, EAR40y (0.1883280814851269): but2eACP_c + h_c + nadph_c --> butACP_c + nadp_c, EAR60y (0.1883280814851269): h_c + nadph_c + thex2eACP_c --> hexACP_c + nadp_c, EAR80y (0.1883280814851268): h_c + nadph_c + toct2eACP_c --> nadp_c + ocACP_c",,0.0003767,6.881e-05,0.1827,0.2046,down,2.469e-06,,27.87,EAR100y,"['0.000e+00', '9.090e-02']","['0.000e+00', '1.340e-02']",h_c + nadph_c + tdec2eACP_c --> dcaACP_c + nadp_c,,Overlaped Reaction Range
Cgl0719,"['3.767e-04', '4.987e-04']","['6.298e-05', '1.025e-04']","EAR121y (0.10304379727055003): h_c + nadph_c + t3c5ddeceACP_c --> cddec5eACP_c + nadp_c, EAR141y (0.10304379727055003): h_c + nadph_c + t3c7mrseACP_c --> nadp_c + tdeACP_c, EAR161y (0.1008039179043575): h_c + nadph_c + t3c9palmeACP_c --> hdeACP_c + nadp_c, EAR40y (0.1883280814851269): but2eACP_c + h_c + nadph_c --> butACP_c + nadp_c, EAR60y (0.1883280814851269): h_c + nadph_c + thex2eACP_c --> hexACP_c + nadp_c, EAR80y (0.1883280814851268): h_c + nadph_c + toct2eACP_c --> nadp_c + ocACP_c",,0.0003767,6.881e-05,0.1827,0.2046,down,2.469e-06,,27.87,EAR120x,"['0.000e+00', '9.092e-02']","['0.000e+00', '1.341e-02']",h_c + nadh_c + tddec2eACP_c --> ddcaACP_c + nad_c,,Overlaped Reaction Range
Cgl0719,"['3.767e-04', '4.987e-04']","['6.298e-05', '1.025e-04']","EAR121y (0.10304379727055003): h_c + nadph_c + t3c5ddeceACP_c --> cddec5eACP_c + nadp_c, EAR141y (0.10304379727055003): h_c + nadph_c + t3c7mrseACP_c --> nadp_c + tdeACP_c, EAR161y (0.1008039179043575): h_c + nadph_c + t3c9palmeACP_c --> hdeACP_c + nadp_c, EAR40y (0.1883280814851269): but2eACP_c + h_c + nadph_c --> butACP_c + nadp_c, EAR60y (0.1883280814851269): h_c + nadph_c + thex2eACP_c --> hexACP_c + nadp_c, EAR80y (0.1883280814851268): h_c + nadph_c + toct2eACP_c --> nadp_c + ocACP_c",,0.0003767,6.881e-05,0.1827,0.2046,down,2.469e-06,,27.87,EAR120y,"['0.000e+00', '9.090e-02']","['0.000e+00', '1.340e-02']",h_c + nadph_c + tddec2eACP_c --> ddcaACP_c + nadp_c,,Overlaped Reaction Range
Cgl0719,"['3.767e-04', '4.987e-04']","['6.298e-05', '1.025e-04']","EAR121y (0.10304379727055003): h_c + nadph_c + t3c5ddeceACP_c --> cddec5eACP_c + nadp_c, EAR141y (0.10304379727055003): h_c + nadph_c + t3c7mrseACP_c --> nadp_c + tdeACP_c, EAR161y (0.1008039179043575): h_c + nadph_c + t3c9palmeACP_c --> hdeACP_c + nadp_c, EAR40y (0.1883280814851269): but2eACP_c + h_c + nadph_c --> butACP_c + nadp_c, EAR60y (0.1883280814851269): h_c + nadph_c + thex2eACP_c --> hexACP_c + nadp_c, EAR80y (0.1883280814851268): h_c + nadph_c + toct2eACP_c --> nadp_c + ocACP_c",,0.0003767,6.881e-05,0.1827,0.2046,down,2.469e-06,,27.87,EAR121x,"['0.000e+00', '1.099e-01']","['0.000e+00', '1.620e-02']",h_c + nadh_c + t3c5ddeceACP_c --> cddec5eACP_c + nad_c,,Overlaped Reaction Range
Cgl0719,"['3.767e-04', '4.987e-04']","['6.298e-05', '1.025e-04']","EAR121y (0.10304379727055003): h_c + nadph_c + t3c5ddeceACP_c --> cddec5eACP_c + nadp_c, EAR141y (0.10304379727055003): h_c + nadph_c + t3c7mrseACP_c --> nadp_c + tdeACP_c, EAR161y (0.1008039179043575): h_c + nadph_c + t3c9palmeACP_c --> hdeACP_c + nadp_c, EAR40y (0.1883280814851269): but2eACP_c + h_c + nadph_c --> butACP_c + nadp_c, EAR60y (0.1883280814851269): h_c + nadph_c + thex2eACP_c --> hexACP_c + nadp_c, EAR80y (0.1883280814851268): h_c + nadph_c + toct2eACP_c --> nadp_c + ocACP_c",,0.0003767,6.881e-05,0.1827,0.2046,down,2.469e-06,,27.87,EAR121y,"['0.000e+00', '1.098e-01']","['0.000e+00', '1.619e-02']",h_c + nadph_c + t3c5ddeceACP_c --> cddec5eACP_c + nadp_c,,Overlaped Reaction Range
Cgl0719,"['3.767e-04', '4.987e-04']","['6.298e-05', '1.025e-04']","EAR121y (0.10304379727055003): h_c + nadph_c + t3c5ddeceACP_c --> cddec5eACP_c + nadp_c, EAR141y (0.10304379727055003): h_c + nadph_c + t3c7mrseACP_c --> nadp_c + tdeACP_c, EAR161y (0.1008039179043575): h_c + nadph_c + t3c9palmeACP_c --> hdeACP_c + nadp_c, EAR40y (0.1883280814851269): but2eACP_c + h_c + nadph_c --> butACP_c + nadp_c, EAR60y (0.1883280814851269): h_c + nadph_c + thex2eACP_c --> hexACP_c + nadp_c, EAR80y (0.1883280814851268): h_c + nadph_c + toct2eACP_c --> nadp_c + ocACP_c",,0.0003767,6.881e-05,0.1827,0.2046,down,2.469e-06,,27.87,EAR140x,"['0.000e+00', '9.092e-02']","['0.000e+00', '1.341e-02']",h_c + nadh_c + tmrs2eACP_c --> myrsACP_c + nad_c,,Overlaped Reaction Range
Cgl0719,"['3.767e-04', '4.987e-04']","['6.298e-05', '1.025e-04']","EAR121y (0.10304379727055003): h_c + nadph_c + t3c5ddeceACP_c --> cddec5eACP_c + nadp_c, EAR141y (0.10304379727055003): h_c + nadph_c + t3c7mrseACP_c --> nadp_c + tdeACP_c, EAR161y (0.1008039179043575): h_c + nadph_c + t3c9palmeACP_c --> hdeACP_c + nadp_c, EAR40y (0.1883280814851269): but2eACP_c + h_c + nadph_c --> butACP_c + nadp_c, EAR60y (0.1883280814851269): h_c + nadph_c + thex2eACP_c --> hexACP_c + nadp_c, EAR80y (0.1883280814851268): h_c + nadph_c + toct2eACP_c --> nadp_c + ocACP_c",,0.0003767,6.881e-05,0.1827,0.2046,down,2.469e-06,,27.87,EAR140y,"['0.000e+00', '9.090e-02']","['0.000e+00', '1.340e-02']",h_c + nadph_c + tmrs2eACP_c --> myrsACP_c + nadp_c,,Overlaped Reaction Range
Cgl0719,"['3.767e-04', '4.987e-04']","['6.298e-05', '1.025e-04']","EAR121y (0.10304379727055003): h_c + nadph_c + t3c5ddeceACP_c --> cddec5eACP_c + nadp_c, EAR141y (0.10304379727055003): h_c + nadph_c + t3c7mrseACP_c --> nadp_c + tdeACP_c, EAR161y (0.1008039179043575): h_c + nadph_c + t3c9palmeACP_c --> hdeACP_c + nadp_c, EAR40y (0.1883280814851269): but2eACP_c + h_c + nadph_c --> butACP_c + nadp_c, EAR60y (0.1883280814851269): h_c + nadph_c + thex2eACP_c --> hexACP_c + nadp_c, EAR80y (0.1883280814851268): h_c + nadph_c + toct2eACP_c --> nadp_c + ocACP_c",,0.0003767,6.881e-05,0.1827,0.2046,down,2.469e-06,,27.87,EAR141x,"['0.000e+00', '1.099e-01']","['0.000e+00', '1.620e-02']",h_c + nadh_c + t3c7mrseACP_c --> nad_c + tdeACP_c,,Overlaped Reaction Range
Cgl0719,"['3.767e-04', '4.987e-04']","['6.298e-05', '1.025e-04']","EAR121y (0.10304379727055003): h_c + nadph_c + t3c5ddeceACP_c --> cddec5eACP_c + nadp_c, EAR141y (0.10304379727055003): h_c + nadph_c + t3c7mrseACP_c --> nadp_c + tdeACP_c, EAR161y (0.1008039179043575): h_c + nadph_c + t3c9palmeACP_c --> hdeACP_c + nadp_c, EAR40y (0.1883280814851269): but2eACP_c + h_c + nadph_c --> butACP_c + nadp_c, EAR60y (0.1883280814851269): h_c + nadph_c + thex2eACP_c --> hexACP_c + nadp_c, EAR80y (0.1883280814851268): h_c + nadph_c + toct2eACP_c --> nadp_c + ocACP_c",,0.0003767,6.881e-05,0.1827,0.2046,down,2.469e-06,,27.87,EAR141y,"['0.000e+00', '1.098e-01']","['0.000e+00', '1.619e-02']",h_c + nadph_c + t3c7mrseACP_c --> nadp_c + tdeACP_c,,Overlaped Reaction Range
Cgl0719,"['3.767e-04', '4.987e-04']","['6.298e-05', '1.025e-04']","EAR121y (0.10304379727055003): h_c + nadph_c + t3c5ddeceACP_c --> cddec5eACP_c + nadp_c, EAR141y (0.10304379727055003): h_c + nadph_c + t3c7mrseACP_c --> nadp_c + tdeACP_c, EAR161y (0.1008039179043575): h_c + nadph_c + t3c9palmeACP_c --> hdeACP_c + nadp_c, EAR40y (0.1883280814851269): but2eACP_c + h_c + nadph_c --> butACP_c + nadp_c, EAR60y (0.1883280814851269): h_c + nadph_c + thex2eACP_c --> hexACP_c + nadp_c, EAR80y (0.1883280814851268): h_c + nadph_c + toct2eACP_c --> nadp_c + ocACP_c",,0.0003767,6.881e-05,0.1827,0.2046,down,2.469e-06,,27.87,EAR160x,"['0.000e+00', '8.961e-02']","['0.000e+00', '1.321e-02']",h_c + nadh_c + tpalm2eACP_c --> nad_c + palmACP_c,,Overlaped Reaction Range
Cgl0719,"['3.767e-04', '4.987e-04']","['6.298e-05', '1.025e-04']","EAR121y (0.10304379727055003): h_c + nadph_c + t3c5ddeceACP_c --> cddec5eACP_c + nadp_c, EAR141y (0.10304379727055003): h_c + nadph_c + t3c7mrseACP_c --> nadp_c + tdeACP_c, EAR161y (0.1008039179043575): h_c + nadph_c + t3c9palmeACP_c --> hdeACP_c + nadp_c, EAR40y (0.1883280814851269): but2eACP_c + h_c + nadph_c --> butACP_c + nadp_c, EAR60y (0.1883280814851269): h_c + nadph_c + thex2eACP_c --> hexACP_c + nadp_c, EAR80y (0.1883280814851268): h_c + nadph_c + toct2eACP_c --> nadp_c + ocACP_c",,0.0003767,6.881e-05,0.1827,0.2046,down,2.469e-06,,27.87,EAR160y,"['0.000e+00', '8.959e-02']","['0.000e+00', '1.320e-02']",h_c + nadph_c + tpalm2eACP_c --> nadp_c + palmACP_c,,Overlaped Reaction Range
Cgl0719,"['3.767e-04', '4.987e-04']","['6.298e-05', '1.025e-04']","EAR121y (0.10304379727055003): h_c + nadph_c + t3c5ddeceACP_c --> cddec5eACP_c + nadp_c, EAR141y (0.10304379727055003): h_c + nadph_c + t3c7mrseACP_c --> nadp_c + tdeACP_c, EAR161y (0.1008039179043575): h_c + nadph_c + t3c9palmeACP_c --> hdeACP_c + nadp_c, EAR40y (0.1883280814851269): but2eACP_c + h_c + nadph_c --> butACP_c + nadp_c, EAR60y (0.1883280814851269): h_c + nadph_c + thex2eACP_c --> hexACP_c + nadp_c, EAR80y (0.1883280814851268): h_c + nadph_c + toct2eACP_c --> nadp_c + ocACP_c",,0.0003767,6.881e-05,0.1827,0.2046,down,2.469e-06,,27.87,EAR161x,"['0.000e+00', '1.075e-01']","['0.000e+00', '1.585e-02']",h_c + nadh_c + t3c9palmeACP_c --> hdeACP_c + nad_c,,Overlaped Reaction Range
Cgl0719,"['3.767e-04', '4.987e-04']","['6.298e-05', '1.025e-04']","EAR121y (0.10304379727055003): h_c + nadph_c + t3c5ddeceACP_c --> cddec5eACP_c + nadp_c, EAR141y (0.10304379727055003): h_c + nadph_c + t3c7mrseACP_c --> nadp_c + tdeACP_c, EAR161y (0.1008039179043575): h_c + nadph_c + t3c9palmeACP_c --> hdeACP_c + nadp_c, EAR40y (0.1883280814851269): but2eACP_c + h_c + nadph_c --> butACP_c + nadp_c, EAR60y (0.1883280814851269): h_c + nadph_c + thex2eACP_c --> hexACP_c + nadp_c, EAR80y (0.1883280814851268): h_c + nadph_c + toct2eACP_c --> nadp_c + ocACP_c",,0.0003767,6.881e-05,0.1827,0.2046,down,2.469e-06,,27.87,EAR161y,"['0.000e+00', '1.074e-01']","['0.000e+00', '1.583e-02']",h_c + nadph_c + t3c9palmeACP_c --> hdeACP_c + nadp_c,,Overlaped Reaction Range
Cgl0719,"['3.767e-04', '4.987e-04']","['6.298e-05', '1.025e-04']","EAR121y (0.10304379727055003): h_c + nadph_c + t3c5ddeceACP_c --> cddec5eACP_c + nadp_c, EAR141y (0.10304379727055003): h_c + nadph_c + t3c7mrseACP_c --> nadp_c + tdeACP_c, EAR161y (0.1008039179043575): h_c + nadph_c + t3c9palmeACP_c --> hdeACP_c + nadp_c, EAR40y (0.1883280814851269): but2eACP_c + h_c + nadph_c --> butACP_c + nadp_c, EAR60y (0.1883280814851269): h_c + nadph_c + thex2eACP_c --> hexACP_c + nadp_c, EAR80y (0.1883280814851268): h_c + nadph_c + toct2eACP_c --> nadp_c + ocACP_c",,0.0003767,6.881e-05,0.1827,0.2046,down,2.469e-06,,27.87,EAR180x,"['0.000e+00', '1.837e-03']","['0.000e+00', '2.709e-04']",h_c + nadh_c + toctd2eACP_c --> nad_c + ocdcaACP_c,,Overlaped Reaction Range
Cgl0719,"['3.767e-04', '4.987e-04']","['6.298e-05', '1.025e-04']","EAR121y (0.10304379727055003): h_c + nadph_c + t3c5ddeceACP_c --> cddec5eACP_c + nadp_c, EAR141y (0.10304379727055003): h_c + nadph_c + t3c7mrseACP_c --> nadp_c + tdeACP_c, EAR161y (0.1008039179043575): h_c + nadph_c + t3c9palmeACP_c --> hdeACP_c + nadp_c, EAR40y (0.1883280814851269): but2eACP_c + h_c + nadph_c --> butACP_c + nadp_c, EAR60y (0.1883280814851269): h_c + nadph_c + thex2eACP_c --> hexACP_c + nadp_c, EAR80y (0.1883280814851268): h_c + nadph_c + toct2eACP_c --> nadp_c + ocACP_c",,0.0003767,6.881e-05,0.1827,0.2046,down,2.469e-06,,27.87,EAR180y,"['0.000e+00', '1.837e-03']","['0.000e+00', '2.709e-04']",h_c + nadph_c + toctd2eACP_c --> nadp_c + ocdcaACP_c,,Overlaped Reaction Range
Cgl0719,"['3.767e-04', '4.987e-04']","['6.298e-05', '1.025e-04']","EAR121y (0.10304379727055003): h_c + nadph_c + t3c5ddeceACP_c --> cddec5eACP_c + nadp_c, EAR141y (0.10304379727055003): h_c + nadph_c + t3c7mrseACP_c --> nadp_c + tdeACP_c, EAR161y (0.1008039179043575): h_c + nadph_c + t3c9palmeACP_c --> hdeACP_c + nadp_c, EAR40y (0.1883280814851269): but2eACP_c + h_c + nadph_c --> butACP_c + nadp_c, EAR60y (0.1883280814851269): h_c + nadph_c + thex2eACP_c --> hexACP_c + nadp_c, EAR80y (0.1883280814851268): h_c + nadph_c + toct2eACP_c --> nadp_c + ocACP_c",,0.0003767,6.881e-05,0.1827,0.2046,down,2.469e-06,,27.87,EAR181x,"['0.000e+00', '1.053e-01']","['0.000e+00', '1.553e-02']",h_c + nadh_c + t3c11vaceACP_c --> nad_c + octeACP_c,,Overlaped Reaction Range
Cgl0719,"['3.767e-04', '4.987e-04']","['6.298e-05', '1.025e-04']","EAR121y (0.10304379727055003): h_c + nadph_c + t3c5ddeceACP_c --> cddec5eACP_c + nadp_c, EAR141y (0.10304379727055003): h_c + nadph_c + t3c7mrseACP_c --> nadp_c + tdeACP_c, EAR161y (0.1008039179043575): h_c + nadph_c + t3c9palmeACP_c --> hdeACP_c + nadp_c, EAR40y (0.1883280814851269): but2eACP_c + h_c + nadph_c --> butACP_c + nadp_c, EAR60y (0.1883280814851269): h_c + nadph_c + thex2eACP_c --> hexACP_c + nadp_c, EAR80y (0.1883280814851268): h_c + nadph_c + toct2eACP_c --> nadp_c + ocACP_c",,0.0003767,6.881e-05,0.1827,0.2046,down,2.469e-06,,27.87,EAR181y,"['0.000e+00', '1.053e-01']","['0.000e+00', '1.552e-02']",h_c + nadph_c + t3c11vaceACP_c --> nadp_c + octeACP_c,,Overlaped Reaction Range
Cgl0719,"['3.767e-04', '4.987e-04']","['6.298e-05', '1.025e-04']","EAR121y (0.10304379727055003): h_c + nadph_c + t3c5ddeceACP_c --> cddec5eACP_c + nadp_c, EAR141y (0.10304379727055003): h_c + nadph_c + t3c7mrseACP_c --> nadp_c + tdeACP_c, EAR161y (0.1008039179043575): h_c + nadph_c + t3c9palmeACP_c --> hdeACP_c + nadp_c, EAR40y (0.1883280814851269): but2eACP_c + h_c + nadph_c --> butACP_c + nadp_c, EAR60y (0.1883280814851269): h_c + nadph_c + thex2eACP_c --> hexACP_c + nadp_c, EAR80y (0.1883280814851268): h_c + nadph_c + toct2eACP_c --> nadp_c + ocACP_c",,0.0003767,6.881e-05,0.1827,0.2046,down,2.469e-06,,27.87,EAR40x,"['0.000e+00', '2.008e-01']","['0.000e+00', '2.960e-02']",but2eACP_c + h_c + nadh_c --> butACP_c + nad_c,,Overlaped Reaction Range
Cgl0719,"['3.767e-04', '4.987e-04']","['6.298e-05', '1.025e-04']","EAR121y (0.10304379727055003): h_c + nadph_c + t3c5ddeceACP_c --> cddec5eACP_c + nadp_c, EAR141y (0.10304379727055003): h_c + nadph_c + t3c7mrseACP_c --> nadp_c + tdeACP_c, EAR161y (0.1008039179043575): h_c + nadph_c + t3c9palmeACP_c --> hdeACP_c + nadp_c, EAR40y (0.1883280814851269): but2eACP_c + h_c + nadph_c --> butACP_c + nadp_c, EAR60y (0.1883280814851269): h_c + nadph_c + thex2eACP_c --> hexACP_c + nadp_c, EAR80y (0.1883280814851268): h_c + nadph_c + toct2eACP_c --> nadp_c + ocACP_c",,0.0003767,6.881e-05,0.1827,0.2046,down,2.469e-06,,27.87,EAR40y,"['0.000e+00', '2.007e-01']","['0.000e+00', '2.956e-02']",but2eACP_c + h_c + nadph_c --> butACP_c + nadp_c,,Overlaped Reaction Range
Cgl0719,"['3.767e-04', '4.987e-04']","['6.298e-05', '1.025e-04']","EAR121y (0.10304379727055003): h_c + nadph_c + t3c5ddeceACP_c --> cddec5eACP_c + nadp_c, EAR141y (0.10304379727055003): h_c + nadph_c + t3c7mrseACP_c --> nadp_c + tdeACP_c, EAR161y (0.1008039179043575): h_c + nadph_c + t3c9palmeACP_c --> hdeACP_c + nadp_c, EAR40y (0.1883280814851269): but2eACP_c + h_c + nadph_c --> butACP_c + nadp_c, EAR60y (0.1883280814851269): h_c + nadph_c + thex2eACP_c --> hexACP_c + nadp_c, EAR80y (0.1883280814851268): h_c + nadph_c + toct2eACP_c --> nadp_c + ocACP_c",,0.0003767,6.881e-05,0.1827,0.2046,down,2.469e-06,,27.87,EAR60x,"['0.000e+00', '2.008e-01']","['0.000e+00', '2.960e-02']",h_c + nadh_c + thex2eACP_c --> hexACP_c + nad_c,,Overlaped Reaction Range
Cgl0719,"['3.767e-04', '4.987e-04']","['6.298e-05', '1.025e-04']","EAR121y (0.10304379727055003): h_c + nadph_c + t3c5ddeceACP_c --> cddec5eACP_c + nadp_c, EAR141y (0.10304379727055003): h_c + nadph_c + t3c7mrseACP_c --> nadp_c + tdeACP_c, EAR161y (0.1008039179043575): h_c + nadph_c + t3c9palmeACP_c --> hdeACP_c + nadp_c, EAR40y (0.1883280814851269): but2eACP_c + h_c + nadph_c --> butACP_c + nadp_c, EAR60y (0.1883280814851269): h_c + nadph_c + thex2eACP_c --> hexACP_c + nadp_c, EAR80y (0.1883280814851268): h_c + nadph_c + toct2eACP_c --> nadp_c + ocACP_c",,0.0003767,6.881e-05,0.1827,0.2046,down,2.469e-06,,27.87,EAR60y,"['0.000e+00', '2.007e-01']","['0.000e+00', '2.956e-02']",h_c + nadph_c + thex2eACP_c --> hexACP_c + nadp_c,,Overlaped Reaction Range
Cgl0719,"['3.767e-04', '4.987e-04']","['6.298e-05', '1.025e-04']","EAR121y (0.10304379727055003): h_c + nadph_c + t3c5ddeceACP_c --> cddec5eACP_c + nadp_c, EAR141y (0.10304379727055003): h_c + nadph_c + t3c7mrseACP_c --> nadp_c + tdeACP_c, EAR161y (0.1008039179043575): h_c + nadph_c + t3c9palmeACP_c --> hdeACP_c + nadp_c, EAR40y (0.1883280814851269): but2eACP_c + h_c + nadph_c --> butACP_c + nadp_c, EAR60y (0.1883280814851269): h_c + nadph_c + thex2eACP_c --> hexACP_c + nadp_c, EAR80y (0.1883280814851268): h_c + nadph_c + toct2eACP_c --> nadp_c + ocACP_c",,0.0003767,6.881e-05,0.1827,0.2046,down,2.469e-06,,27.87,EAR80x,"['0.000e+00', '2.008e-01']","['0.000e+00', '2.960e-02']",h_c + nadh_c + toct2eACP_c --> nad_c + ocACP_c,,Overlaped Reaction Range
Cgl0719,"['3.767e-04', '4.987e-04']","['6.298e-05', '1.025e-04']","EAR121y (0.10304379727055003): h_c + nadph_c + t3c5ddeceACP_c --> cddec5eACP_c + nadp_c, EAR141y (0.10304379727055003): h_c + nadph_c + t3c7mrseACP_c --> nadp_c + tdeACP_c, EAR161y (0.1008039179043575): h_c + nadph_c + t3c9palmeACP_c --> hdeACP_c + nadp_c, EAR40y (0.1883280814851269): but2eACP_c + h_c + nadph_c --> butACP_c + nadp_c, EAR60y (0.1883280814851269): h_c + nadph_c + thex2eACP_c --> hexACP_c + nadp_c, EAR80y (0.1883280814851268): h_c + nadph_c + toct2eACP_c --> nadp_c + ocACP_c",,0.0003767,6.881e-05,0.1827,0.2046,down,2.469e-06,,27.87,EAR80y,"['0.000e+00', '2.007e-01']","['0.000e+00', '2.956e-02']",h_c + nadph_c + toct2eACP_c --> nadp_c + ocACP_c,,Overlaped Reaction Range
Cgl0251,"['6.966e-04', '8.767e-04']","['6.672e-05', '1.004e-04']",ASPK (0.4082730598945197): asp__L_c + atp_c --> 4pasp_c + adp_c,,0.0007547,6.672e-05,0.08841,0.1984,down,5.271e-07,,126.6,ASPK,"['3.473e-01', '1.000e+03']","['3.656e-02', '1.000e+03']",asp__L_c + atp_c --> 4pasp_c + adp_c,,Overlaped Reaction Range
Cgl1183 and Cgl1184,"['3.843e-04', '4.954e-04']","['4.045e-05', '7.410e-05']",HSK (0.2061871388210519): atp_c + hom__L_c --> adp_c + h_c + phom_c,,0.0003843,4.045e-05,0.1053,0.1203,down,5.117e-07,,79.06,HSK,"['2.088e-01', '5.077e-01']","['2.198e-02', '2.954e-01']",atp_c + hom__L_c --> adp_c + h_c + phom_c,,Overlaped Reaction Range
Cgl0942,"['2.238e-04', '3.458e-04']","['2.554e-05', '6.788e-05']",PRPPS (0.14501021573035106): atp_c + r5p_c --> amp_c + h_c + prpp_c,,0.0002238,3.417e-05,0.1527,0.1016,down,1.602e-07,,213.3,PRPPS,"['1.469e-01', '1.000e+03']","['1.546e-02', '1.000e+03']",atp_c + r5p_c --> amp_c + h_c + prpp_c,,Overlaped Reaction Range
Cgl0764,"['2.327e-04', '3.541e-04']","['2.449e-05', '5.820e-05']",PSCVT (0.10431924197584688): pep_c + skm5p_c --> 3psme_c + pi_c,,0.0002327,2.449e-05,0.1053,0.07283,down,5.38e-07,,45.53,PSCVT,"['1.057e-01', '1.000e+03']","['1.112e-02', '1.000e+03']",pep_c + skm5p_c --> 3psme_c + pi_c,,Overlaped Reaction Range
Cgl0996,"['1.645e-04', '2.862e-04']","['1.828e-05', '6.196e-05']",GHMT2r (0.22153196913073345): ser__L_c + thf_c --> gly_c + h2o_c + mlthf_c,,0.0001645,2.242e-05,0.1363,0.06667,down,2.409e-07,,93.08,ALATA_D2,"['0.000e+00', '0.000e+00']","['0.000e+00', '0.000e+00']",ala__D_c + pydx5p_c --> pyam5p_c + pyr_c,,Overlaped Reaction Range
Cgl0996,"['1.645e-04', '2.862e-04']","['1.828e-05', '6.196e-05']",GHMT2r (0.22153196913073345): ser__L_c + thf_c --> gly_c + h2o_c + mlthf_c,,0.0001645,2.242e-05,0.1363,0.06667,down,2.409e-07,,93.08,ALATA_L2,"['0.000e+00', '0.000e+00']","['0.000e+00', '0.000e+00']",ala__L_c + pydx5p_c --> pyam5p_c + pyr_c,,Overlaped Reaction Range
Cgl0996,"['1.645e-04', '2.862e-04']","['1.828e-05', '6.196e-05']",GHMT2r (0.22153196913073345): ser__L_c + thf_c --> gly_c + h2o_c + mlthf_c,,0.0001645,2.242e-05,0.1363,0.06667,down,2.409e-07,,93.08,GHMT2r,"['2.244e-01', '1.000e+03']","['2.362e-02', '1.000e+03']",ser__L_c + thf_c --> gly_c + h2o_c + mlthf_c,,Overlaped Reaction Range
Cgl1540,"['5.311e-04', '6.646e-04']","['1.983e-05', '5.453e-05']","ACONTa (1.9471735361347344): cit_c --> acon_C_c + h2o_c, ACONTb (1.9471735361347344): acon_C_c + h2o_c --> icit_c",,0.0005427,2.082e-05,0.03837,0.06191,down,2.047e-07,,101.7,ACONTa,"['5.803e-01', '1.000e+03']","['6.109e-02', '1.000e+03']",cit_c --> acon_C_c + h2o_c,,Overlaped Reaction Range
Cgl1540,"['5.311e-04', '6.646e-04']","['1.983e-05', '5.453e-05']","ACONTa (1.9471735361347344): cit_c --> acon_C_c + h2o_c, ACONTb (1.9471735361347344): acon_C_c + h2o_c --> icit_c",,0.0005427,2.082e-05,0.03837,0.06191,down,2.047e-07,,101.7,ACONTb,"['5.803e-01', '1.000e+03']","['6.109e-02', '1.000e+03']",acon_C_c + h2o_c --> icit_c,,Overlaped Reaction Range
Cgl0696,"['3.943e-04', '5.652e-04']","['3.246e-06', '5.068e-05']",CS_num1 (1.9471735361347344): accoa_c + h2o_c + oaa_c --> cit_c + coa_c + h_c,,0.000444,1.704e-05,0.03837,0.05065,down,2.001e-07,,85.13,CS_num1,"['0.000e+00', '8.566e+00']","['0.000e+00', '7.032e+00']",accoa_c + h2o_c + oaa_c --> cit_c + coa_c + h_c,,Overlaped Reaction Range
Cgl0366 and Cgl1129 and Cgl2207,"['1.525e-03', '1.694e-03']","['1.240e-05', '5.012e-05']",AKGDH (1.3742506357099953): akg_c + coa_c + nad_c --> co2_c + nadh_c + succoa_c,,0.001573,1.648e-05,0.01048,0.04901,down,7.953e-09,,2072.0,,,,,,Overlaped Reaction Range
Cgl2204,"['1.486e-04', '3.001e-04']","['1.564e-05', '5.257e-05']",LEUTAi (0.1569892407472904): 4mop_c + glu__L_c --> akg_c + leu__L_c,,0.0001486,1.564e-05,0.1053,0.04651,down,3.752e-07,,41.69,ILETA,"['8.539e-02', '1.000e+03']","['8.988e-03', '1.000e+03']",3mop_c + glu__L_c --> akg_c + ile__L_c,,Overlaped Reaction Range
Cgl2204,"['1.486e-04', '3.001e-04']","['1.564e-05', '5.257e-05']",LEUTAi (0.1569892407472904): 4mop_c + glu__L_c --> akg_c + leu__L_c,,0.0001486,1.564e-05,0.1053,0.04651,down,3.752e-07,,41.69,VALTA,"['0.000e+00', '3.727e-01']","['0.000e+00', '2.243e-01']",3mob_c + glu__L_c --> akg_c + val__L_c,,Overlaped Reaction Range
Cgl2204,"['1.486e-04', '3.001e-04']","['1.564e-05', '5.257e-05']",LEUTAi (0.1569892407472904): 4mop_c + glu__L_c --> akg_c + leu__L_c,,0.0001486,1.564e-05,0.1053,0.04651,down,3.752e-07,,41.69,LEUTAi,"['1.590e-01', '1.000e+03']","['1.674e-02', '1.000e+03']",4mop_c + glu__L_c --> akg_c + leu__L_c,,Overlaped Reaction Range
Cgl0240,"['1.332e-04', '2.546e-04']","['1.402e-05', '4.773e-05']",ASPTA_reverse (0.818111341078619): glu__L_c + oaa_c --> akg_c + asp__L_c,,0.0001332,1.402e-05,0.1053,0.04168,down,1.482e-07,,94.59,ASPTA,"['0.000e+00', '9.992e+02']","['0.000e+00', '9.999e+02']",akg_c + asp__L_c --> glu__L_c + oaa_c,,Overlaped Reaction Range
Cgl2976 and Cgl3090,"['1.700e-04', '3.444e-04']","['1.192e-05', '4.556e-05']",TRDR (0.13297648137121984): h_c + nadph_c + trdox_c --> nadp_c + trdrd_c,,0.0002227,1.192e-05,0.05353,0.03544,down,1.405e-07,,84.85,,,,,,Overlaped Reaction Range
Cgl0423,"['1.028e-04', '2.240e-04']","['1.082e-05', '4.446e-05']",DHQTi (0.10431924197584688): 3dhq_c --> 3dhsk_c + h2o_c,,0.0001028,1.082e-05,0.1053,0.03217,down,5.837e-08,,185.4,DHQTi,"['1.057e-01', '2.432e-01']","['1.112e-02', '1.367e-01']",3dhq_c --> 3dhsk_c + h2o_c,,Overlaped Reaction Range
Cgl1183,"['1.078e-04', '2.421e-04']","['9.938e-06', '4.365e-05']",HSDy_reverse (0.30542013394054834): aspsa_c + h_c + nadph_c --> hom__L_c + nadp_c,,0.0001201,9.938e-06,0.08274,0.02955,down,2.14e-07,,46.44,HSDy,"['0.000e+00', '9.998e+02']","['0.000e+00', '1.000e+03']",hom__L_c + nadp_c --> aspsa_c + h_c + nadph_c,,Overlaped Reaction Range
Cgl1286,"['6.515e-05', '1.864e-04']","['6.858e-06', '4.050e-05']",IPMD (0.1569892407472904): 3c2hmp_c + nad_c --> 3c4mop_c + h_c + nadh_c,,6.515e-05,6.858e-06,0.1053,0.02039,down,9.486e-08,,72.29,IPMD,"['1.590e-01', '3.574e-01']","['1.674e-02', '1.779e-01']",3c2hmp_c + nad_c --> 3c4mop_c + h_c + nadh_c,,Overlaped Reaction Range
Cgl2814 and Cgl2815,"['1.040e-04', '2.624e-04']","['6.715e-06', '4.036e-05']",SADT2 (0.11919129691729671): atp_c + gtp_c + h2o_c + so4_c --> aps_c + gdp_c + pi_c + ppi_c,,0.0001412,6.715e-06,0.04754,0.01997,down,8.268e-08,,81.22,SADT2,"['5.452e-02', '5.882e-01']","['5.739e-03', '5.221e-01']",atp_c + gtp_c + h2o_c + so4_c --> aps_c + gdp_c + pi_c + ppi_c,,Overlaped Reaction Range
Cgl1010,"['2.299e-04', '3.429e-04']","['2.592e-06', '3.968e-05']",FUM (1.5525883162817666): fum_c + h2o_c --> mal__L_c,,0.0002315,5.973e-06,0.0258,0.01776,down,2.972e-08,,201.0,FUM,"['1.170e+00', '1.000e+03']","['0.000e+00', '1.000e+03']",fum_c + h2o_c --> mal__L_c,,Overlaped Reaction Range
Cgl0814,"['5.276e-05', '1.742e-04']","['5.554e-06', '3.932e-05']",SDPTA_reverse (0.10285292595397132): glu__L_c + sl2a6o_c --> akg_c + sl26da_c,,5.276e-05,5.554e-06,0.1053,0.01651,down,1.253e-07,,44.32,SDPTA,"['0.000e+00', '1.000e+03']","['0.000e+00', '1.000e+03']",akg_c + sl26da_c --> glu__L_c + sl2a6o_c,,Overlaped Reaction Range
Cgl0252,"['4.431e-05', '1.700e-04']","['4.244e-06', '3.795e-05']",ASAD_reverse (0.4082730598945197): 4pasp_c + h_c + nadph_c --> aspsa_c + nadp_c + pi_c,,4.8e-05,4.244e-06,0.08841,0.01262,down,5.86e-08,,72.42,ASAD,"['0.000e+00', '9.997e+02']","['0.000e+00', '1.000e+03']",aspsa_c + nadp_c + pi_c --> 4pasp_c + h_c + nadph_c,,Overlaped Reaction Range
Cgl2565 and Cgl2566,"['6.008e-04', '7.424e-04']","['0.000e+00', '3.364e-05']",SUCOAS (1.1721171466726656): adp_c + pi_c + succoa_c --> atp_c + coa_c + succ_c,,0.0006212,0.0,0.0,0.0,down,0.0,,144.0,,,,,,Overlaped Reaction Range
Cgl1206 and Cgl1207 and Cgl1208 and Cgl1209 and Cgl1210 and Cgl1211 and Cgl1212 and Cgl1213,"['3.311e-02', '3.341e-02']","['0.000e+00', '7.654e-05']",ATPS4rpp (27.309877521498528): adp_c + 4.0 h_e + pi_c --> atp_c + h2o_c + 3.0 h_c,,0.03328,0.0,0.0,0.0,down,0.0,,471.2,,,,,,Overlaped Reaction Range
Cgl0269 and Cgl2729 and Cgl2731,"['6.137e-03', '6.312e-03']","['0.000e+00', '3.377e-05']",NADH17pp (15.278965654566814): 4.0 h_c + mqn8_c + nadh_c --> 3.0 h_e + mql8_c + nad_c,,0.00619,0.0,0.0,0.0,down,0.0,,272.6,,,,,,Overlaped Reaction Range
Cgl0366 and Cgl2207 and Cgl2248,"['4.986e-03', '5.164e-03']","['0.000e+00', '9.858e-05']",PDH (4.392836689903892): coa_c + nad_c + pyr_c --> accoa_c + co2_c + nadh_c,,0.005043,0.0,0.0,0.0,down,0.0,,2009.0,PDH,"['9.215e-01', '8.137e+00']","['0.000e+00', '1.756e+00']",coa_c + nad_c + pyr_c --> accoa_c + co2_c + nadh_c,,Overlaped Reaction Range
